{"mae": 2.0192000483165784, "mape": 7.551060842258492}